size,mmult,mmultO3,mmult_simd,mmult_simdO3 
100,0.009582,0.001911,0.007768,0.000923
101,0.007390,0.001603,0.007163,0.000879
102,0.007047,0.001535,0.006805,0.000759
103,0.006702,0.001445,0.006756,0.000831
104,0.006826,0.001484,0.006897,0.000773
105,0.007860,0.001663,0.007275,0.000870
106,0.007439,0.001592,0.007525,0.000841
107,0.007631,0.001638,0.007527,0.000868
108,0.008114,0.001699,0.007799,0.000858
109,0.007947,0.001716,0.007980,0.001001
110,0.008212,0.001840,0.008203,0.001069
111,0.008446,0.001920,0.008481,0.001022
112,0.008950,0.001867,0.008774,0.001079
113,0.008840,0.002003,0.008956,0.001124
114,0.009080,0.002069,0.009146,0.001144
115,0.009292,0.002071,0.009388,0.001177
116,0.009521,0.002136,0.009631,0.001183
117,0.009828,0.002148,0.009890,0.001272
118,0.010070,0.002207,0.010158,0.001234
119,0.010342,0.002330,0.010362,0.001335
120,0.010467,0.002258,0.010627,0.001292
121,0.010871,0.002412,0.010917,0.001384
122,0.011154,0.002372,0.011111,0.001285
123,0.011416,0.002420,0.011537,0.001451
124,0.011640,0.002524,0.011782,0.001374
125,0.011944,0.002522,0.012075,0.001478
126,0.012343,0.002620,0.012373,0.001416
127,0.012591,0.002707,0.012706,0.001558
128,0.013683,0.003012,0.012947,0.001528
129,0.013202,0.002856,0.013339,0.001658
130,0.013502,0.003051,0.013661,0.001644
131,0.013951,0.002949,0.014009,0.001697
132,0.014042,0.003229,0.014143,0.001727
133,0.014441,0.003042,0.014607,0.001750
134,0.014797,0.003324,0.014926,0.001708
135,0.015159,0.003233,0.015329,0.001905
136,0.015375,0.003442,0.015695,0.001806
137,0.016061,0.003479,0.015893,0.001891
138,0.016272,0.003685,0.016336,0.001879
139,0.016567,0.003505,0.016645,0.001981
140,0.016694,0.003852,0.016931,0.001962
141,0.017199,0.003670,0.017260,0.002089
142,0.018041,0.004025,0.017797,0.002142
143,0.018238,0.004141,0.018210,0.002156
144,0.018890,0.004174,0.018441,0.002131
145,0.019919,0.004513,0.018884,0.002326
146,0.020042,0.004704,0.019226,0.002250
147,0.020727,0.004702,0.019595,0.002390
148,0.020435,0.004626,0.020017,0.002297
149,0.021567,0.004889,0.020467,0.002509
150,0.021498,0.004933,0.020808,0.002447
151,0.022353,0.005068,0.021211,0.002571
152,0.022031,0.004969,0.021678,0.002549
153,0.023058,0.005383,0.022138,0.002689
154,0.024097,0.005451,0.025550,0.002980
155,0.024567,0.005467,0.022955,0.002801
156,0.024220,0.005498,0.023418,0.002759
157,0.025002,0.005615,0.023907,0.002909
158,0.025481,0.005676,0.024550,0.002803
159,0.026094,0.005918,0.024640,0.003004
160,0.027124,0.006454,0.025311,0.002931
161,0.027219,0.006361,0.025699,0.003101
162,0.028115,0.006296,0.026228,0.003066
163,0.028219,0.006557,0.026624,0.003210
164,0.028344,0.006572,0.027104,0.003151
165,0.029541,0.006512,0.027664,0.003337
166,0.029260,0.006573,0.028221,0.003259
167,0.030542,0.006805,0.028658,0.003471
168,0.029970,0.006693,0.029175,0.003400
169,0.031354,0.007197,0.029571,0.003576
170,0.032623,0.007281,0.035686,0.005051
171,0.043447,0.009257,0.039788,0.006678
172,0.039861,0.007974,0.031593,0.003650
173,0.034650,0.007861,0.031976,0.003904
174,0.035106,0.007968,0.032309,0.003914
175,0.035889,0.008242,0.032945,0.003984
176,0.037063,0.008574,0.033412,0.003907
177,0.038064,0.008759,0.033970,0.004168
178,0.038034,0.008531,0.034787,0.004012
179,0.038704,0.008941,0.035083,0.004550
180,0.037923,0.009004,0.035954,0.004287
181,0.042769,0.010384,0.036536,0.004610
182,0.042698,0.009800,0.037075,0.004463
183,0.042095,0.009786,0.037908,0.004576
184,0.040790,0.009822,0.038524,0.004672
185,0.046513,0.011166,0.038907,0.004824
186,0.045748,0.010323,0.039498,0.004786
187,0.047332,0.013637,0.058209,0.005660
188,0.046769,0.010375,0.041012,0.004714
189,0.048383,0.011690,0.041292,0.005054
190,0.073679,0.013646,0.044314,0.005049
191,0.050621,0.012511,0.045511,0.005395
192,0.051158,0.014486,0.043554,0.006057
193,0.070575,0.014184,0.044267,0.005366
194,0.053128,0.012119,0.044710,0.005196
195,0.056606,0.013305,0.045805,0.005675
196,0.054465,0.011975,0.046208,0.005453
197,0.056745,0.014860,0.046797,0.005656
198,0.058397,0.013106,0.047262,0.005497
199,0.058512,0.014509,0.048324,0.005868
200,0.054380,0.012695,0.049107,0.005672
201,0.061033,0.014886,0.050545,0.006277
202,0.062461,0.013703,0.050768,0.005981
203,0.063520,0.015410,0.051322,0.006238
204,0.060674,0.013735,0.052104,0.006058
205,0.069899,0.017146,0.052817,0.006551
206,0.067592,0.014815,0.054158,0.006267
207,0.072526,0.016723,0.054533,0.006739
208,0.064877,0.015085,0.054990,0.006372
209,0.070495,0.017075,0.055902,0.006805
210,0.071718,0.015893,0.057094,0.006686
211,0.073922,0.017941,0.057558,0.007168
212,0.068464,0.015521,0.068319,0.008765
213,0.078032,0.018091,0.059585,0.007294
214,0.076811,0.016973,0.060048,0.006959
215,0.076311,0.018548,0.060993,0.007437
216,0.069324,0.026089,0.071899,0.007253
217,0.079391,0.019454,0.073107,0.008986
218,0.083513,0.017886,0.063529,0.007424
219,0.081935,0.021443,0.072247,0.007974
220,0.077252,0.017536,0.065294,0.007534
221,0.084413,0.020835,0.065991,0.008091
222,0.087139,0.019038,0.066939,0.007769
223,0.087598,0.021551,0.067699,0.008403
224,0.084565,0.021885,0.068804,0.007926
225,0.089407,0.021957,0.069454,0.008494
226,0.092438,0.020156,0.070433,0.008151
227,0.092249,0.022547,0.071714,0.008728
228,0.086382,0.019563,0.072228,0.008381
229,0.094619,0.024884,0.078899,0.009022
230,0.096551,0.021111,0.074864,0.008811
231,0.096758,0.023578,0.075876,0.009174
232,0.086612,0.020243,0.076535,0.008816
233,0.100283,0.024830,0.082517,0.009542
234,0.103565,0.022340,0.078167,0.008978
235,0.102697,0.025074,0.079349,0.009632
236,0.095258,0.021595,0.080735,0.009286
237,0.105096,0.025710,0.081345,0.009879
238,0.108597,0.023604,0.082732,0.009470
239,0.111957,0.028285,0.083315,0.010075
240,0.104564,0.024281,0.085160,0.009886
241,0.115174,0.028695,0.085863,0.010339
242,0.113283,0.024624,0.086903,0.009951
243,0.113767,0.027569,0.087790,0.010577
244,0.105509,0.023867,0.089159,0.010182
245,0.125480,0.029196,0.089958,0.011073
246,0.120727,0.026384,0.091660,0.010513
247,0.120979,0.029625,0.092083,0.011175
248,0.106504,0.025091,0.093555,0.010806
249,0.124060,0.030516,0.094264,0.011390
250,0.126599,0.027556,0.095184,0.011019
251,0.137624,0.030724,0.096345,0.011543
252,0.116045,0.026327,0.097115,0.011151
253,0.128095,0.031333,0.098635,0.011757
254,0.130085,0.028595,0.099753,0.011459
255,0.129950,0.032077,0.101004,0.011860
256,0.180195,0.049414,0.102035,0.011654
257,0.138288,0.038742,0.104436,0.012399
258,0.127131,0.030054,0.123802,0.013687
259,0.129135,0.034147,0.105638,0.012478
260,0.123190,0.029147,0.106817,0.012265
261,0.131984,0.034921,0.107966,0.012746
262,0.134201,0.031748,0.109215,0.012554
263,0.135809,0.035836,0.110805,0.013035
264,0.127614,0.042996,0.118640,0.013142
265,0.154098,0.040760,0.113519,0.013424
266,0.141688,0.033356,0.114586,0.013142
267,0.144285,0.037613,0.124247,0.013831
268,0.136464,0.031857,0.117203,0.013417
269,0.148541,0.038101,0.118632,0.014111
270,0.148595,0.034526,0.120089,0.013689
271,0.151413,0.038972,0.121135,0.020525
272,0.153491,0.038146,0.143718,0.015610
273,0.156436,0.040181,0.124167,0.015017
274,0.157811,0.037239,0.125673,0.014579
275,0.159599,0.041279,0.126810,0.014861
276,0.162049,0.046041,0.130772,0.014855
277,0.162478,0.041565,0.129358,0.015249
278,0.172229,0.038737,0.130806,0.015095
279,0.168432,0.043255,0.132455,0.015543
280,0.153084,0.036197,0.133952,0.015402
281,0.173430,0.044207,0.135019,0.016109
282,0.176450,0.039901,0.136732,0.015546
283,0.199041,0.044659,0.143167,0.017796
284,0.166255,0.038193,0.165281,0.016844
285,0.182487,0.046129,0.149687,0.016809
286,0.186482,0.041859,0.142731,0.016301
287,0.187657,0.047378,0.144227,0.026863
288,0.193008,0.047857,0.148716,0.016725
289,0.191004,0.048171,0.147002,0.017227
290,0.211153,0.043528,0.149091,0.017195
291,0.194763,0.049335,0.151020,0.017999
292,0.180627,0.041509,0.152069,0.017528
293,0.198724,0.049545,0.170087,0.018067
294,0.205009,0.045392,0.154876,0.017620
295,0.205932,0.050919,0.156798,0.018435
296,0.180377,0.042598,0.157776,0.017952
297,0.206866,0.051778,0.159354,0.018782
298,0.211021,0.046615,0.154996,0.015680
299,0.175330,0.044318,0.139737,0.016515
300,0.210912,0.045001,0.143812,0.016319
301,0.186677,0.046072,0.141800,0.017223
302,0.221036,0.048933,0.167912,0.019306
303,0.219912,0.054574,0.176398,0.020104
304,0.215132,0.056876,0.171349,0.019646
305,0.223989,0.055587,0.175434,0.020204
306,0.228947,0.050747,0.174267,0.019769
307,0.229794,0.057553,0.176036,0.020452
308,0.211870,0.048531,0.177667,0.020067
309,0.233152,0.057887,0.182033,0.020984
310,0.237984,0.052728,0.180793,0.020486
311,0.238667,0.059337,0.182554,0.021314
312,0.210135,0.049805,0.184916,0.021086
313,0.248162,0.061266,0.208774,0.021966
314,0.250404,0.055308,0.188006,0.021400
315,0.251333,0.063112,0.190802,0.022389
316,0.230059,0.052896,0.192164,0.021841
317,0.264188,0.068001,0.194267,0.022614
318,0.274873,0.061165,0.196404,0.022673
319,0.264919,0.065277,0.198674,0.023118
320,0.278249,0.075540,0.199993,0.022583
321,0.274824,0.065502,0.201212,0.023542
322,0.267579,0.059162,0.202806,0.022966
323,0.267327,0.066733,0.204848,0.023777
324,0.285726,0.057288,0.207459,0.036883
325,0.278778,0.067708,0.208573,0.024331
326,0.300853,0.064621,0.211236,0.024418
327,0.283831,0.086388,0.219914,0.024998
328,0.245739,0.058109,0.215201,0.024568
329,0.296114,0.084159,0.218286,0.025538
330,0.289870,0.064460,0.218932,0.025093
331,0.302427,0.077397,0.219822,0.026422
332,0.267326,0.061331,0.222467,0.025146
333,0.298226,0.074330,0.224086,0.026038
334,0.303939,0.067912,0.228313,0.025802
335,0.302616,0.090816,0.230754,0.026549
336,0.325295,0.074931,0.246563,0.026505
337,0.310792,0.076882,0.235190,0.027748
338,0.325655,0.069223,0.234963,0.028124
339,0.310138,0.085243,0.235876,0.027563
340,0.285021,0.066860,0.243576,0.028374
341,0.316482,0.078885,0.248777,0.028435
342,0.334081,0.073673,0.243407,0.027547
343,0.326719,0.081656,0.247688,0.028460
344,0.286998,0.069254,0.249257,0.028492
345,0.327634,0.081735,0.249623,0.029194
346,0.333917,0.075188,0.251730,0.028924
347,0.334327,0.083644,0.262636,0.029491
348,0.308901,0.070782,0.260675,0.028959
349,0.348226,0.091858,0.274353,0.029664
350,0.344998,0.076234,0.259338,0.029470
351,0.344597,0.085200,0.228418,0.024693
352,0.280609,0.073398,0.217910,0.025143
353,0.290481,0.076894,0.224190,0.025980
354,0.298141,0.077600,0.222868,0.025843
355,0.296488,0.073553,0.223757,0.026521
356,0.272938,0.061872,0.226480,0.025543
357,0.376129,0.078134,0.260780,0.032343
358,0.370434,0.081793,0.278536,0.037890
359,0.375628,0.092518,0.309336,0.032812
360,0.335462,0.077370,0.281882,0.032071
361,0.379438,0.094446,0.284332,0.032970
362,0.387211,0.085561,0.302828,0.034027
363,0.390458,0.096578,0.296945,0.033868
364,0.354210,0.097054,0.293652,0.033529
365,0.401659,0.097480,0.315331,0.034457
366,0.406537,0.092541,0.315204,0.034012
367,0.396990,0.098319,0.300268,0.035262
368,0.395935,0.099387,0.301778,0.034258
369,0.407111,0.100851,0.304838,0.035555
370,0.423672,0.091403,0.307709,0.035144
371,0.418515,0.103320,0.326491,0.036408
372,0.377184,0.086216,0.312494,0.035820
373,0.417006,0.104366,0.315721,0.036935
374,0.424133,0.093667,0.316828,0.036047
375,0.454983,0.106805,0.319863,0.037222
376,0.373355,0.087837,0.322504,0.036572
377,0.434606,0.108193,0.345250,0.038056
378,0.439874,0.098577,0.331302,0.039701
379,0.442948,0.109909,0.329928,0.038078
380,0.403803,0.092240,0.353130,0.037649
381,0.455087,0.110072,0.335476,0.038982
382,0.452065,0.117972,0.337922,0.038145
383,0.453406,0.112231,0.339118,0.039224
384,0.626801,0.168085,0.343095,0.038274
385,0.467592,0.123755,0.346338,0.040491
386,0.483702,0.107840,0.348769,0.039392
387,0.474712,0.118025,0.361340,0.040948
388,0.431054,0.111800,0.354480,0.040327
389,0.479968,0.118834,0.357188,0.041169
390,0.494185,0.110180,0.359267,0.040587
391,0.497533,0.120159,0.363046,0.042142
392,0.423078,0.111843,0.391631,0.043209
393,0.490170,0.121600,0.369367,0.043150
394,0.547325,0.118548,0.371383,0.041640
395,0.513207,0.130697,0.372420,0.043227
396,0.457773,0.104617,0.376383,0.042502
397,0.538426,0.128249,0.381893,0.044439
398,0.550652,0.119523,0.382901,0.043605
399,0.525160,0.129125,0.414213,0.044609
400,0.495622,0.127377,0.389004,0.043952
401,0.522703,0.139257,0.401544,0.045017
402,0.530177,0.116926,0.392897,0.044175
403,0.557262,0.131149,0.425069,0.046446
404,0.505848,0.111203,0.431627,0.045414
405,0.550635,0.132049,0.402276,0.046455
406,0.574477,0.124274,0.411721,0.047071
407,0.579650,0.146541,0.420101,0.048437
408,0.486326,0.111064,0.410419,0.046242
409,0.589764,0.140929,0.426370,0.047825
410,0.617564,0.131027,0.416445,0.047259
411,0.588002,0.140359,0.423478,0.049169
412,0.529913,0.118150,0.423443,0.048284
413,0.572690,0.142533,0.448966,0.051092
414,0.610534,0.131258,0.429955,0.048506
415,0.616103,0.149864,0.438901,0.050291
416,0.565235,0.148900,0.437037,0.049205
417,0.589380,0.146565,0.437680,0.050438
418,0.598411,0.133803,0.442179,0.049912
419,0.634459,0.163266,0.448427,0.051912
420,0.570350,0.125618,0.455619,0.050569
421,0.632806,0.160745,0.574358,0.052571
422,0.626199,0.149846,0.454249,0.051317
423,0.702317,0.252197,0.491296,0.058802
424,0.543844,0.127471,0.478190,0.054480
425,0.668632,0.256595,0.508160,0.054277
426,0.669264,0.146627,0.494957,0.052650
427,0.836187,0.168924,0.471428,0.054379
428,0.615026,0.133237,0.504699,0.083009
429,0.780518,0.170428,0.481913,0.056882
430,0.692065,0.154866,0.618287,0.054204
431,0.683502,0.165824,0.484821,0.055511
432,0.660993,0.215110,0.491335,0.057431
433,0.680119,0.169682,0.493108,0.057083
434,0.799261,0.151869,0.496262,0.056139
435,0.682143,0.170789,0.599514,0.057672
436,0.627561,0.141941,0.440155,0.050207
437,0.662814,0.174991,0.499429,0.049339
438,0.583807,0.126348,0.584916,0.069026
439,0.652948,0.150023,0.503432,0.059192
440,0.600526,0.140990,0.516269,0.058490
441,0.713942,0.175691,0.516229,0.059616
442,0.836731,0.161662,0.449227,0.051506
443,0.599220,0.154917,0.445201,0.048392
444,0.578117,0.128820,0.454990,0.051136
445,0.638559,0.156061,0.460115,0.052871
446,0.642254,0.146230,0.454251,0.050705
447,0.614868,0.155255,0.456754,0.052256
448,0.794141,0.200291,0.464704,0.052751
449,0.706437,0.157424,0.470841,0.054745
450,0.653484,0.149710,0.467613,0.054032
451,0.683306,0.182719,0.484357,0.056066
452,0.657010,0.145313,0.477215,0.052478
453,0.866582,0.171119,0.484121,0.055560
454,0.710349,0.166435,0.479022,0.054417
455,0.670471,0.164220,0.479317,0.057391
456,0.593587,0.138454,0.483026,0.057252
457,0.707209,0.179887,0.553602,0.065932
458,0.717310,0.160471,0.501386,0.057301
459,0.688384,0.168290,0.496479,0.057762
460,0.633496,0.150312,0.487255,0.053928
461,0.707172,0.184350,0.496281,0.057111
462,0.700690,0.160497,0.506375,0.057055
463,0.713653,0.181697,0.513209,0.060815
464,0.683680,0.175977,0.520417,0.058693
465,0.717634,0.185049,0.583868,0.070530
466,0.762019,0.174891,0.601783,0.068769
467,0.850267,0.210562,0.537773,0.062072
468,0.685788,0.189836,0.614838,0.069375
469,0.854038,0.221156,0.618707,0.069313
470,0.866218,0.201976,0.569966,0.058562
471,0.725690,0.184571,0.542522,0.061961
472,0.665397,0.163196,0.534658,0.060204
473,0.738659,0.192785,0.549603,0.062598
474,0.782517,0.178708,0.568408,0.062585
475,0.766844,0.192449,0.543667,0.064098
476,0.731610,0.174873,0.547689,0.062943
477,0.787366,0.204763,0.550551,0.062578
478,0.797816,0.201873,0.559367,0.063497
479,0.820555,0.205002,0.561295,0.063234
480,0.763687,0.211573,0.561038,0.060451
481,0.797157,0.240331,0.642694,0.077337
482,0.969282,0.218421,0.656849,0.076225
483,0.904722,0.203294,0.569874,0.067403
484,0.762984,0.188075,0.573751,0.065032
485,0.806095,0.232965,0.645603,0.069446
486,0.871324,0.204459,0.655956,0.067101
487,0.835020,0.216039,0.593113,0.069536
488,0.870981,0.225720,0.703351,0.079830
489,0.942254,0.258398,0.701332,0.080862
490,0.936852,0.213281,0.607558,0.068560
491,0.961581,0.227213,0.671106,0.081990
492,0.946620,0.239924,0.717975,0.080407
493,0.937829,0.219463,0.625675,0.072900
494,0.913814,0.210539,0.595910,0.067853
495,0.892739,0.242860,0.629913,0.071733
496,0.912069,0.245870,0.731688,0.078193
497,0.996494,0.235943,0.625733,0.069872
498,0.887759,0.212818,0.635075,0.074292
499,0.947109,0.279512,0.671231,0.086261
500,0.889940,0.271203,0.748444,0.084488
501,1.116540,0.281006,0.760840,0.102140
502,1.161013,0.274539,0.811378,0.090744
503,1.105774,0.289072,0.768912,0.088397
504,1.016912,0.283783,0.787022,0.087520
505,1.148968,0.293519,0.778965,0.092815
506,1.135170,0.222138,0.623046,0.094053
507,1.171108,0.292014,0.785703,0.092203
508,1.112918,0.271746,0.818570,0.089490
509,1.140538,0.287625,0.717507,0.077590
510,1.023142,0.275587,0.690807,0.074090
511,1.075540,0.291057,0.820641,0.093426
512,1.577665,0.504145,0.810510,0.076819
513,0.997165,0.249661,0.667910,0.072889
514,1.013989,0.268883,0.684667,0.075837
515,1.040120,0.319131,0.707179,0.080819
516,1.033194,0.329218,0.721268,0.092886
517,1.357175,0.446780,0.832504,0.101109
518,1.384349,0.503269,0.841522,0.094969
519,1.422546,0.538977,0.693363,0.078982
520,1.138405,0.487428,0.718620,0.095093
521,1.494905,0.672742,0.885491,0.097772
522,1.484788,0.720196,0.884502,0.096515
523,1.570380,0.746175,0.869850,0.098733
524,1.460861,0.787955,0.892526,0.097275
525,1.551700,0.826437,0.890047,0.100712
526,1.610564,0.861949,0.879296,0.099361
527,1.613231,0.883735,0.882064,0.100795
528,1.514114,0.921257,0.885837,0.103926
529,1.669173,0.963866,0.897447,0.104158
530,1.722238,0.991643,0.927973,0.099988
531,1.727111,1.038187,0.927557,0.103505
532,1.691829,1.059420,0.924080,0.101069
533,1.794347,1.104247,0.921697,0.105379
534,1.816588,1.140272,0.932903,0.103660
535,1.931155,1.312107,0.933562,0.106489
536,1.768776,1.164819,0.817159,0.104080
537,1.934820,1.285469,0.932750,0.106864
538,1.990191,1.828655,0.944385,0.105276
539,1.899979,1.345882,0.971408,0.109391
540,1.884535,1.321838,0.972216,0.107739
541,1.977939,1.401783,0.977234,0.108686
542,2.032604,1.431922,0.968785,0.113335
543,2.018360,1.448711,0.998603,0.110794
544,2.037641,1.406152,0.972769,0.109286
545,2.101461,1.606575,0.981179,0.114425
546,2.275925,1.521769,0.806488,0.090129
547,1.887536,1.529289,0.991226,0.113516
548,2.023175,1.567628,0.995769,0.112913
549,2.150737,1.638385,0.996589,0.113714
550,2.093117,1.655040,1.037886,0.112545
551,2.338930,1.605912,1.005922,0.115495
552,2.154673,1.710563,1.022861,0.113097
553,2.611404,2.212232,1.067330,0.172265
554,2.287233,1.851748,1.026323,0.110658
555,2.341094,1.843306,1.027923,0.114246
556,2.256822,1.736785,1.053543,0.113553
557,2.611901,2.155692,1.075159,0.116172
558,2.355137,1.765791,1.047536,0.114423
559,2.337335,1.798689,0.923405,0.102844
560,2.159187,2.051281,0.969638,0.097669
561,1.994779,1.555581,1.124901,0.137292
562,2.274571,1.831571,1.085216,0.118919
563,2.244724,1.833427,1.099502,0.123291
564,2.265347,1.872447,1.102528,0.120515
565,3.086190,2.887337,1.102889,0.140981
566,2.315393,1.873775,0.975144,0.107956
567,1.977037,1.679330,0.979465,0.112232
568,2.090724,1.619831,0.926974,0.108139
569,2.030231,1.660683,0.927856,0.108972
570,2.576850,2.634196,1.071423,0.123150
571,2.287739,1.865382,1.083938,0.127972
572,2.262044,1.748050,1.032901,0.108273
573,2.048784,1.722811,0.957593,0.109292
574,2.045710,1.709186,0.965857,0.108187
575,2.810713,3.162407,1.223683,0.131349
576,2.847452,2.063579,1.181130,0.129680
577,2.578322,2.078700,1.161095,0.132996
578,2.573362,2.059769,1.176377,0.132570
579,2.569026,2.085645,1.188427,0.134405
580,3.474248,3.476514,1.220003,0.133984
581,2.605226,2.124730,1.204518,0.135390
582,2.625330,2.134812,1.214234,0.133298
583,2.619718,2.252692,1.189651,0.135934
584,2.646413,2.216667,1.221476,0.133382
585,3.041777,2.919247,1.112511,0.116839
586,2.408394,2.104035,1.147522,0.121523
587,2.644103,2.193854,1.127116,0.142448
588,2.604992,2.252504,1.114812,0.132520
589,2.449200,2.023045,1.058453,0.126150
590,2.654044,2.696243,1.280315,0.138647
591,3.122293,2.590358,1.298159,0.139665
592,2.876562,2.500959,1.264081,0.137242
593,3.254373,3.079240,1.306112,0.140718
594,2.968282,2.810884,1.292736,0.138262
595,3.210860,2.617656,1.269843,0.164027
596,3.316469,2.755405,1.068458,0.134553
597,2.789153,2.663164,1.338701,0.144096
598,3.105415,2.459170,1.307558,0.140817
599,3.165858,2.645243,1.316464,0.146548
600,3.155794,2.485446,1.055369,0.150200
601,3.659579,3.464230,1.446077,0.150188
602,3.431430,2.826909,1.412478,0.121472
603,3.307858,2.968249,1.327273,0.149550
604,3.510155,2.944852,1.300957,0.120374
605,3.016549,2.830108,1.240310,0.168530
606,3.501811,3.105205,1.337120,0.163703
607,3.858648,3.548328,1.241709,0.124087
608,3.249927,3.001956,1.407192,0.153890
609,3.477235,2.319881,1.399221,0.151920
610,3.305710,2.696563,1.165932,0.128021
611,3.232126,3.025340,1.406566,0.156449
612,3.454395,2.930574,1.396443,0.154520
613,3.452911,2.621518,1.405335,0.157267
614,3.517851,3.216993,1.392679,0.155150
615,3.589110,3.366569,1.441312,0.159213
616,3.698849,3.421522,1.406449,0.157517
617,3.676823,3.425435,1.438256,0.165877
618,3.700806,3.559527,1.439579,0.161583
619,3.644166,3.343731,1.441681,0.165155
620,3.706990,3.500782,1.437757,0.159418
621,3.048143,3.297077,1.458740,0.186629
622,3.675884,3.480428,1.504203,0.161722
623,3.960426,3.763211,1.456088,0.165932
624,3.833021,3.626527,1.363276,0.167193
625,3.929567,3.790918,1.475917,0.170066
626,3.079192,2.535445,1.488994,0.164616
627,3.065322,2.510831,1.501840,0.172889
628,3.049837,2.518291,1.523559,0.172087
629,3.094806,2.505950,1.504436,0.164830
630,3.188467,2.538481,1.552887,0.164911
631,2.847783,2.451289,1.569707,0.186946
632,3.033976,2.483198,1.236959,0.135036
633,2.554496,2.172755,1.299943,0.138218
634,2.964496,2.561735,1.530668,0.165535
635,3.046778,2.563445,1.575160,0.179815
636,3.115079,2.562196,1.545983,0.168277
637,2.702678,2.505506,1.331304,0.148254
638,1.804102,0.422917,1.338884,0.142239
639,2.727255,2.293736,1.504353,0.155816
640,3.205256,2.412516,1.459864,0.139739
641,2.033436,0.469930,1.374404,0.168479
642,2.832831,2.305767,1.496319,0.150280
643,1.998679,0.505762,1.357276,0.151221
644,1.930044,0.425469,1.420213,0.154969
645,2.319499,0.502645,1.350318,0.151390
646,1.952319,0.477812,1.605618,0.171950
647,2.170243,0.507220,1.410301,0.153883
648,1.682571,0.404112,1.388223,0.150549
649,1.935000,0.531910,1.411137,0.156997
650,2.079165,0.420424,1.384140,0.146878
651,2.215692,0.561407,1.489934,0.157964
652,2.055524,0.509634,1.592153,0.155871
653,3.232475,2.281373,1.547261,0.181870
654,2.987228,2.268785,1.582505,0.157586
655,2.971372,2.566531,1.433994,0.170838
656,2.752203,2.290008,1.528727,0.158247
657,2.022313,0.526884,1.469540,0.193750
658,3.107446,2.299854,1.627723,0.169062
659,2.050947,0.502450,1.542441,0.194591
660,3.007302,2.241664,1.664816,0.183089
661,3.264341,2.477883,1.430342,0.154782
662,2.092774,0.471729,1.461649,0.155013
663,2.912873,2.291495,1.465979,0.158998
664,1.892787,0.523273,1.693125,0.187584
665,2.378682,0.607851,1.700220,0.197393
666,2.114521,0.488813,1.501468,0.157886
667,2.111635,0.596572,1.523072,0.167545
668,3.121696,2.397353,1.540826,0.163251
669,2.088824,0.526010,1.540157,0.166071
670,2.133299,0.485728,1.557474,0.165530
671,2.123734,0.547740,1.643160,0.170931
672,2.290706,0.570205,1.518972,0.167022
673,2.133797,0.535609,1.502141,0.174569
674,2.184731,0.504841,1.566266,0.171612
675,3.067568,2.484169,1.637380,0.177165
676,3.136347,2.701495,1.773741,0.169898
677,2.237022,0.605476,1.670201,0.179632
678,2.284112,0.504149,1.657617,0.188345
679,2.321677,0.597992,1.594661,0.175704
680,2.042171,0.527244,1.601108,0.172678
681,2.223901,0.548966,1.568646,0.175949
682,2.175657,0.496441,1.618496,0.176204
683,2.295169,0.636947,1.703079,0.179295
684,3.285203,2.346787,1.592390,0.179005
685,2.476130,0.676110,1.837456,0.193660
686,2.369876,0.526184,1.686923,0.180220
687,2.302486,0.579145,1.710482,0.181140
688,3.076235,2.399968,1.772854,0.182447
689,3.454062,2.463798,1.660673,0.191457
690,2.316618,0.530203,1.751180,0.172529
691,2.324687,0.578370,1.691798,0.192248
692,3.543203,2.436107,1.698974,0.180280
693,2.325445,0.580087,1.707161,0.187333
694,3.343291,2.466383,1.702031,0.190965
695,2.391660,0.646583,1.878066,0.195261
696,2.313595,0.523446,1.899782,0.229707
697,2.639802,0.615499,1.877612,0.217772
698,2.626428,0.563436,1.756055,0.188236
699,2.612914,0.757920,1.742457,0.235226
700,2.307694,0.649063,1.760849,0.190838
701,2.476952,0.623254,1.939485,0.195192
702,2.493697,0.563414,1.757895,0.187985
703,3.535072,2.830922,1.767142,0.200142
704,3.308558,0.836981,1.812877,0.191858
705,3.886500,2.668474,1.982064,0.199202
706,2.658512,0.579622,1.800811,0.196265
707,3.495831,2.503289,1.832297,0.204019
708,2.343305,0.592395,1.866542,0.199969
709,3.571868,2.630483,1.797577,0.195064
710,2.514110,0.577784,1.773453,0.189174
711,2.555845,0.746402,1.880236,0.207973
712,2.288430,0.540851,1.821471,0.196184
713,2.561298,0.627856,1.811744,0.197955
714,2.625197,0.658900,2.057426,0.197940
715,2.597177,0.639999,1.898468,0.198350
716,3.463693,2.690752,1.858600,0.209276
717,2.638494,0.654343,1.872645,0.210922
718,3.875257,2.865310,1.892408,0.205459
719,2.731962,0.670936,1.951919,0.232377
720,3.561748,2.663706,1.912876,0.209202
721,2.856698,0.710829,2.241584,0.223157
722,6.451639,6.216715,1.964071,0.213913
723,2.652157,0.672803,2.080621,0.228292
724,2.515190,0.592613,1.964366,0.214087
725,2.789661,0.697512,1.977603,0.214838
726,2.825406,0.629861,2.137727,0.212754
727,2.879218,0.810827,2.149604,0.241696
728,3.820281,2.895603,2.041358,0.242367
729,2.925603,0.867999,2.064773,0.216599
730,2.714363,0.719238,2.038565,0.221211
731,2.748688,0.697661,1.972157,0.226515
732,2.757606,0.710784,1.980899,0.212379
733,2.951153,0.793642,2.088158,0.223829
734,3.907144,2.745936,2.025332,0.219695
735,3.132643,0.867850,2.043064,0.227518
736,3.364796,1.106732,2.137525,0.240850
737,2.974360,0.862124,2.059769,0.232054
738,3.985194,2.780804,2.026226,0.219281
739,4.321041,3.170563,2.308562,0.269018
740,2.879066,0.732533,2.244250,0.253559
741,3.195184,0.792436,2.254516,0.240084
742,3.239085,0.872653,2.270660,0.229714
743,3.192869,0.784287,2.248254,0.233613
744,2.996384,0.876379,2.243510,0.233903
745,3.727649,1.830378,2.158280,0.223796
746,3.375181,1.214936,2.096573,0.231322
747,3.148312,0.752784,2.060710,0.227582
748,2.889396,0.741270,2.356973,0.242459
749,3.511648,1.600762,2.112097,0.241090
750,3.152664,0.760709,2.154805,0.228958
751,3.038341,0.773926,2.209613,0.235705
752,3.160309,1.545893,2.360026,0.268771
753,4.069124,2.099581,2.173843,0.245704
754,3.193840,0.929997,2.273372,0.238175
755,3.191413,1.075133,2.263108,0.241367
756,2.963347,0.769468,2.449656,0.240172
757,3.879840,1.298901,2.535692,0.284958
758,3.235524,0.742556,2.571931,0.278413
759,3.380718,0.910202,2.472991,0.270443
760,2.904448,0.737541,2.372863,0.244515
761,3.698989,1.846690,2.322591,0.289642
762,6.103854,5.786919,2.364403,0.251433
763,3.886369,1.597249,2.312131,0.293877
764,4.417055,2.838538,2.337431,0.251357
765,3.456002,0.952766,2.436044,0.251622
766,3.583048,0.924621,2.410420,0.291159
767,3.371596,0.908615,2.287414,0.260628
768,4.256403,1.138504,2.614545,0.281087
769,4.619280,3.120209,2.351325,0.272826
770,4.771897,3.766443,2.367611,0.258466
771,7.055784,7.107443,2.317520,0.266299
772,3.733155,1.947769,2.312180,0.259983
773,3.330715,0.926629,2.360221,0.255785
774,3.383607,0.790297,2.363017,0.259952
775,3.858482,1.310302,2.540704,0.267787
776,3.333091,1.022560,2.517070,0.297881
777,3.595485,0.883004,2.384097,0.273606
778,3.543545,0.835519,2.380425,0.260756
779,4.660413,2.951836,2.634689,0.294276
780,6.841426,6.350135,2.596208,0.274417
781,4.165517,1.681984,2.430888,0.276520
782,5.210058,3.277814,2.484881,0.259695
783,3.886242,1.048201,2.479379,0.277513
784,3.503985,1.350287,2.557866,0.259666
785,4.264363,1.817338,2.422313,0.265957
786,3.668815,1.073324,2.696689,0.276014
787,4.080008,1.459115,2.567536,0.281523
788,4.640501,2.909756,2.639432,0.301061
789,4.312763,1.967300,2.543898,0.283998
790,4.510974,2.801522,2.806168,0.273989
791,5.125008,3.257736,2.582797,0.269284
792,3.958348,1.606008,2.685488,0.271923
793,3.789017,1.225905,2.521481,0.324236
794,4.155482,1.359734,2.669481,0.293444
795,4.208535,1.810582,2.528733,0.278486
796,3.693898,1.405666,2.700010,0.289304
797,4.114387,1.300138,2.700877,0.294780
798,5.074246,3.368611,2.583062,0.281919
799,5.691737,4.224481,2.672919,0.346834
800,4.667807,1.704298,2.648293,0.294303
801,4.852348,2.480642,2.646878,0.291531
802,4.607776,1.325054,2.658074,0.292008
803,3.815415,0.893215,2.856832,0.290594
804,5.810920,4.277252,2.623751,0.289076
805,4.377898,1.782720,2.779011,0.300257
806,4.188445,1.435904,2.728903,0.291414
807,4.538504,1.452929,2.972128,0.301931
808,5.895529,3.592703,2.810324,0.285578
809,5.932257,3.292482,2.966079,0.300856
810,4.098295,0.865209,2.965697,0.297755
811,5.350436,3.287883,2.966538,0.300166
812,3.495242,0.760215,2.944196,0.289942
813,3.720977,0.911956,2.923953,0.294331
814,3.925799,0.796757,2.821677,0.292730
815,3.973486,0.925978,2.937060,0.307169
816,3.461201,0.796672,2.795625,0.290814
817,3.943073,0.918098,2.766110,0.347370
818,5.236448,3.215711,2.896869,0.301866
819,3.977669,0.955778,2.936480,0.292757
820,3.457558,0.771498,2.794628,0.299427
821,3.853029,0.908845,2.776441,0.314195
822,4.156782,0.902555,2.872254,0.350239
823,5.179397,3.435247,3.005581,0.308076
824,3.549069,0.787075,2.865614,0.324427
825,3.851783,0.942023,2.885129,0.318545
826,3.903325,0.857237,2.886960,0.309791
827,6.907007,5.680431,3.002605,0.341681
828,3.691744,0.818167,3.097180,0.313972
829,5.527317,3.479363,3.035701,0.372445
830,4.142585,0.881842,2.923618,0.337195
831,5.434082,3.289831,3.053692,0.332912
832,5.294212,1.303287,3.030376,0.310971
833,5.353232,3.272210,3.081098,0.353060
834,4.286894,0.909541,2.958745,0.325308
835,4.040202,0.987171,2.974809,0.329282
836,3.706803,0.848615,2.966945,0.348994
837,4.000904,0.971430,3.124761,0.321745
838,4.158641,0.941884,2.959427,0.307252
839,4.052502,0.989845,2.987498,0.333145
840,5.640683,3.326292,3.020991,0.319329
841,5.801020,3.305834,3.163586,0.350736
842,4.758181,0.941463,3.311498,0.340972
843,5.522619,3.497540,3.201360,0.346708
844,3.997852,0.893753,3.370460,0.335314
845,4.328735,0.995394,3.099197,0.372738
846,4.189287,0.936065,3.304711,0.332693
847,4.330011,1.036407,3.258971,0.341137
848,3.823916,0.916045,3.263431,0.336132
849,4.379901,1.043306,3.457660,0.393915
850,4.676748,0.965048,3.212868,0.338099
851,4.392138,1.052663,3.209241,0.346087
852,4.099208,0.931333,3.310844,0.345485
853,4.402891,1.038971,3.229658,0.349489
854,4.547153,1.050678,3.179530,0.330056
855,4.354730,1.065188,3.389941,0.336649
856,4.137129,0.888997,3.354553,0.332769
857,4.326137,1.086973,3.196686,0.354980
858,4.735350,0.989572,3.301226,0.383702
859,4.535770,1.060722,3.226721,0.365025
860,4.337798,0.941651,3.286375,0.355393
861,4.743225,1.091030,3.483667,0.414249
862,5.131158,0.999122,3.270402,0.347008
863,4.821689,1.089413,3.347752,0.361533
864,4.750490,1.174959,3.320914,0.358691
865,4.802603,1.120121,3.505478,0.414731
866,4.970939,1.013246,3.315849,0.389069
867,4.626404,1.124620,3.473455,0.369834
868,4.337827,0.980867,3.400319,0.352568
869,4.519788,1.118008,3.368765,0.348759
870,4.965284,1.185635,3.523336,0.357519
871,4.898952,1.117123,3.451162,0.417430
872,4.044102,0.960368,3.440812,0.361997
873,4.882674,1.162645,3.626958,0.382059
874,5.198735,1.208883,3.586128,0.362045
875,5.012572,1.195712,3.584392,0.375877
876,4.592272,1.007748,3.652879,0.398672
877,5.272003,1.251298,3.471133,0.371681
878,5.070390,1.055398,3.461281,0.361960
879,4.911846,1.162751,3.521666,0.382425
880,4.430449,1.040732,3.472393,0.373778
881,5.542163,1.314884,3.658773,0.379812
882,5.264008,1.084439,3.504939,0.382275
883,5.197294,1.189239,3.627805,0.383474
884,4.706794,1.108250,3.543860,0.370559
885,5.043104,1.217370,3.974225,0.397850
886,5.593945,1.083151,3.560157,0.391659
887,4.821779,1.264673,3.873143,0.452340
888,4.709671,1.015373,3.633551,0.384054
889,5.165120,1.301133,3.600955,0.404990
890,5.464616,1.238051,3.717976,0.389385
891,6.919481,1.516014,4.055101,0.403707
892,6.748346,1.075450,3.765879,0.392954
893,10.159709,2.629851,3.754040,0.423437
894,7.871585,1.079988,3.559363,0.451390
895,5.845238,1.479035,4.357712,0.481657
896,7.605947,1.976713,4.376353,0.485499
897,6.294363,1.640856,4.405668,0.482821
898,6.653861,2.201073,4.386789,0.460810
899,6.405866,2.153915,4.450813,0.484201
900,5.819432,1.387618,4.618581,0.628805
901,6.573328,1.500671,4.574151,0.479266
902,6.179758,1.525878,4.525820,0.467061
903,5.745257,1.277046,4.393581,0.481675
904,5.758109,1.371161,4.092628,0.477824
905,6.208546,1.503922,4.480932,0.484717
906,6.338725,1.433149,4.560792,0.476543
907,6.162812,1.532153,4.510337,0.487531
908,6.046403,1.612560,3.896216,0.397797
909,7.374656,3.136688,4.510259,0.508758
910,7.734452,3.571315,4.557421,0.481749
911,6.808630,2.000174,4.629662,0.523829
912,5.630185,1.373295,4.628364,0.493437
913,6.341769,1.561894,4.568310,0.498117
914,6.462794,1.364099,4.590558,0.488646
915,6.347777,1.590021,4.618335,0.500926
916,6.012556,1.398403,4.431650,0.490435
917,6.457269,1.389905,4.345777,0.505937
918,6.664107,1.471327,4.617632,0.441247
919,6.122856,1.592467,4.100498,0.413432
920,5.802893,1.386548,4.683113,0.500056
921,6.516211,1.624759,4.152259,0.425125
922,8.083242,3.991641,4.901299,0.540274
923,10.295373,6.679378,4.922295,0.549710
924,7.582794,3.026356,4.652446,0.506334
925,6.882475,1.721664,4.786263,0.524812
926,6.688291,1.445359,4.794192,0.502962
927,6.736049,1.637034,4.867894,0.550786
928,7.396493,1.857321,4.886744,0.529345
929,6.977352,1.693173,4.571339,0.451638
930,6.692988,1.579189,4.902210,0.528087
931,6.964975,1.699267,4.908889,0.536809
932,6.271102,1.500310,4.920295,0.538060
933,6.833879,1.687847,4.767516,0.534329
934,7.871368,2.868963,4.958377,0.528882
935,9.346563,5.491476,4.949300,0.538210
936,8.679519,5.149490,4.908360,0.536037
937,7.213697,1.652407,4.962651,0.523518
938,6.609916,1.497719,5.015695,0.516043
939,7.463126,2.393123,4.443258,0.457490
940,6.369930,1.558626,5.127833,0.545905
941,6.629186,1.749136,5.012739,0.466976
942,6.932471,1.612516,5.286957,0.555772
943,7.721915,2.101443,5.272158,0.549083
944,6.409126,1.562233,5.338857,0.555190
945,6.879558,1.517909,4.852149,0.564884
946,7.157747,1.637780,5.121787,0.543830
947,7.819552,2.614702,5.097945,0.563624
948,6.663642,1.538627,5.140118,0.572982
949,7.745644,1.670041,5.101780,0.473492
950,9.298848,5.917188,5.180068,0.551641
951,10.242728,6.189996,5.185622,0.570227
952,7.637477,3.084918,5.226622,0.552896
953,7.309196,1.821929,5.012668,0.625401
954,8.172839,2.591556,5.272809,0.556811
955,7.128147,1.846147,5.321192,0.597585
956,6.939294,1.604958,5.306201,0.584200
957,7.202542,1.762637,5.290438,0.576237
958,7.183200,1.554748,5.254895,0.555893
959,7.163694,1.735851,5.183624,0.571928
960,9.067265,2.282355,5.299595,0.482341
961,7.058499,1.865307,5.389367,0.504197
962,7.290147,1.610244,5.310982,0.565423
963,7.202115,1.755748,5.179893,0.582346
964,6.656443,1.473589,5.515733,0.564598
965,7.258775,1.789329,5.376270,0.591017
966,7.393197,1.601338,5.281039,0.506935
967,6.124777,1.437577,5.118831,0.606958
968,6.538267,1.493849,5.567546,0.570059
969,7.291078,1.830682,5.507171,0.588630
970,7.518952,1.657772,5.692566,0.614189
971,7.554227,1.811223,5.516739,0.589547
972,6.890667,1.533733,5.484197,0.605243
973,7.447543,1.806505,5.214890,0.603655
974,7.639593,1.634108,5.615777,0.581895
975,7.584951,1.874343,5.578896,0.541306
976,5.942817,1.604656,5.673872,0.592084
977,7.449534,1.825192,5.041428,0.609781
978,7.706175,1.736012,5.796384,0.653921
979,7.149510,1.889999,5.678228,0.642182
980,6.770241,1.602902,5.678741,0.638855
981,7.572379,1.870012,5.918139,0.615539
982,8.419097,1.741885,5.886346,0.748291
983,8.638276,2.067771,5.756139,0.518977
984,6.234934,1.595305,5.948605,0.620864
985,7.902177,1.968033,5.787863,0.619975
986,7.995498,1.728829,5.784349,0.637302
987,9.171779,2.101417,5.880220,0.621234
988,7.105280,1.670212,5.761024,0.636273
989,7.926360,1.888405,5.856460,0.636906
990,8.151584,1.776818,5.927428,0.556149
991,6.615901,1.724677,5.900997,0.647234
992,9.225251,2.213858,5.958413,0.650376
993,9.344205,2.424283,5.805404,0.523105
994,7.285482,1.762146,5.963215,0.519645
995,7.752412,2.033890,6.003447,0.637274
996,6.655130,1.588798,4.983323,0.530042
997,7.628852,1.957019,6.025658,0.644245
998,8.360925,1.588936,5.440531,0.631309
999,8.216467,1.720086,6.036312,0.657378
